"","group","gender","mean_mark","sd_mark","n"
"1","A","man",65.0805263157895,13.9962187249447,19
"2","A","non-binary",67.4812,12.3774688850346,25
"3","A","woman",64.2922222222222,10.7407191899774,27
"4","B","man",67.2518518518519,13.8330435043266,27
"5","B","non-binary",67.2180952380952,10.5144912473441,21
"6","B","woman",67.688,13.1810205544617,15
"7","C","man",65.1236,12.6422251733361,25
"8","C","non-binary",60.1909090909091,9.27639652384117,22
"9","C","woman",70.4110526315789,16.3976681589984,19
